{
  "leaves": {
    "isotropic": {
      "up": false,
      "down": false
    },
    "textures": "leaves",
    "carried_textures": "leaves_carried",
    "brightness_gamma": 0.80,
    "sound": "grass"
  },
  "sponge": {
    "isotropic": false,
    "textures": "sponge",
    "sound": "grass"
  },
  "sandstone": {
    "isotropic": {
      "up": false,
      "down": false
    },
    "textures": {
      "up": "sandstone_top",
      "down": "sandstone_bottom",
      "side": "sandstone_side"
    },
    "brightness_gamma": 0.70,
    "sound": "stone"
  },
  "obsidian": {
    "isotropic": false,
    "textures": "obsidian",
    "brightness_gamma": 2.00,
    "sound": "stone"
  },
  "snow_layer": {
    "blockshape": "top_snow",
    "isotropic": false,
    "textures": "snow",
    "brightness_gamma": 0.45,
    "sound": "snow"
  },
  "snow": {
    "isotropic": false,
    "textures": "snow",
    "brightness_gamma": 0.45,
    "sound": "snow"
  },
  "clay": {
    "isotropic": false,
    "textures": "clay",
    "sound": "gravel"
  },
  "magma": {
    "isotropic": false,
    "textures": "magma",
    "sound": "stone"
  },
  "glowstone": {
    "isotropic": false,
    "textures": "glowstone",
    "sound": "glass"
  },
  "mycelium": {
    "isotropic": {
      "up": false,
      "down": false
    },
    "textures": {
      "up": "mycelium_top",
      "down": "mycelium_bottom",
      "side": "mycelium_side"
    },
    "sound": "grass"
  },
  "sandstone_stairs": {
    "isotropic": {
      "up": false,
      "down": false
    },
    "blockshape": "stairs",
    "textures": {
      "up": "sandstone_top",
      "down": "sandstone_bottom",
      "side": "sandstone_side"
    }
  },
  "leaves2": {
    "isotropic": {
      "up": false,
      "down": false
    },
    "textures": "leaves2",
    "carried_textures": "leaves_carried2",
    "brightness_gamma": 0.80,
    "sound": "grass"
  },
  "hardened_clay": {
    "isotropic": false,
    "textures": "hardened_clay",
    "sound": "stone"
  },
  "stained_hardened_clay": {
    "isotropic": false,
    "textures": "stained_clay",
    "sound": "stone"
  },
  "red_sandstone": {
    "isotropic": {
      "up": false,
      "down": false
    },
    "textures": {
      "up": "redsandstone_top",
      "down": "redsandstone_bottom",
      "side": "redsandstone_side"
    },
    "brightness_gamma": 0.70,
    "sound": "stone"
  },
  "red_sandstone_stairs": {
    "isotropic": {
      "up": false,
      "down": false
    },
    "blockshape": "stairs",
    "textures": "redsandstone_side"
  },
  "grass_path": {
    "isotropic": {
      "up": false,
      "down": false
    },
    "textures": {
      "up": "grass_path_top",
      "down": "dirt",
      "side": "grass_path_side"
    },
    "sound": "grass"
  },
  "podzol": {
    "isotropic": {
      "up": false,
      "down": false
    },
    "textures": {
      "up": "dirt_podzol_top",
      "down": "dirt_podzol_bottom",
      "side": "dirt_podzol_side"
    },
    "sound": "gravel"
  },
  "concretePowder": {
    "isotropic": true,
    "sound": "sand",
    "textures": "concretePowder"
  }
}